id;first_name;last_name;address;telephone_number;email_address;date_created;date_updated
1;Filiberto;Upton;Administrator;Cotton connecting Kenyan Shilling;bus India;2020-01-15T01:18:18;2020-01-14T09:18:04
2;Omari;Turner;Bedfordshire target;motivating capacitor Jordan;generate;2020-01-15T03:23:36;2020-01-14T07:40:10
3;Zoey;Schuster;Personal Loan Account;Bedfordshire;Optimization neural Michigan;2020-01-14T09:21:45;2020-01-14T21:07:53
4;Alford;Davis;withdrawal;Wooden;Ball blue open architecture;2020-01-15T02:56:31;2020-01-14T07:35:47
5;Geovanni;Auer;Soft;Grocery;software;2020-01-15T00:26:58;2020-01-14T12:21:14
6;Darryl;Tillman;Walk;index;alarm;2020-01-15T03:25:04;2020-01-14T12:32:36
7;Murphy;VonRueden;Ukraine full-range;Credit Card Account robust;Garden Lead;2020-01-14T10:37:29;2020-01-14T09:45:48
8;Jana;Johnson;Strategist;internet solution calculating;Fantastic incentivize Point;2020-01-15T02:39:24;2020-01-15T02:41:08
9;Tressie;Greenfelder;haptic Tuna Shoes;Personal Loan Account directional Assistant;Fully-configurable;2020-01-14T09:28:38;2020-01-15T04:44:05
10;Hannah;Fadel;navigate Upgradable;e-markets engage;Investor withdrawal;2020-01-14T10:58:59;2020-01-15T02:51:39
