id;name;address;telephone_number;email_address;date_created;date_updated
1;transition Credit Card Account Implementation;quantify;Object-based;Practical Wooden Fish Frozen New York;2020-01-14T22:57:31;2020-01-14T05:54:10
2;Gloves Borders;Borders;cross-platform Tugrik;olive matrix;2020-01-14T21:11:34;2020-01-15T04:44:33
3;bluetooth AGP plum;Metal lime virtual;Producer Automotive;Michigan revolutionize;2020-01-14T23:16:42;2020-01-14T19:45:46
4;Marketing fuchsia Wooden;Handmade;firewall Cotton Licensed;Developer;2020-01-14T07:47:36;2020-01-15T03:38:18
5;payment application virtual;generating;Administrator;Engineer;2020-01-14T19:43:58;2020-01-15T02:22:34
6;Tunnel distributed Fish;Gorgeous Soft Bike Buckinghamshire Buckinghamshire;Somali Shilling Pre-emptive Squares;experiences;2020-01-14T09:06:15;2020-01-14T22:56:50
7;solid state;Beauty;explicit;virtual Object-based;2020-01-14T08:58:20;2020-01-15T00:26:12
8;streamline technologies Chicken;microchip navigate;sensor Greenland Handcrafted Steel Hat;Iowa methodologies;2020-01-14T13:31:43;2020-01-15T02:02:32
9;Rustic Rubber Computer Illinois;SCSI revolutionize Product;Investment Account;Stravenue;2020-01-15T00:46:25;2020-01-14T13:35:33
10;Lead;User-friendly;Outdoors attitude-oriented;protocol multi-byte e-services;2020-01-15T02:30:50;2020-01-14T20:51:12
