id;subject;body;date_created;date_updated
1;Solutions Cove;Agent;2020-01-14T16:54:35;2020-01-14T13:40:04
2;violet International;Outdoors Nakfa Swiss Franc;2020-01-14T11:13:51;2020-01-14T19:11:56
3;FTP invoice Fantastic;sensor;2020-01-15T01:27:17;2020-01-15T02:23:27
4;leverage executive card;Falkland Islands (Malvinas) sensor solid state;2020-01-15T03:01:09;2020-01-14T20:31:21
5;green Ethiopian Birr Chief;Regional;2020-01-14T07:00:53;2020-01-15T03:55:03
6;Creative;Bedfordshire online;2020-01-14T15:21:31;2020-01-14T06:32:31
7;XML Plastic;strategize Nebraska Senior;2020-01-15T03:01:07;2020-01-15T03:49:50
8;superstructure Global Bedfordshire;uniform bypassing Checking Account;2020-01-14T20:28:47;2020-01-14T12:07:58
9;Fish pixel;hacking;2020-01-14T11:31:57;2020-01-14T14:49:54
10;Bermudian Dollar (customarily known as Bermuda Dollar) Rustic;pixel Grocery;2020-01-14T16:43:11;2020-01-15T03:04:49
